,A,B,C,D
2000-01-01,-1.2120269133718022,1.7002552548213834,-0.45247560729308267,1.274006192853426
2000-01-02,0.12253785658192395,1.0341617839642228,0.674813102753935,1.4388128055409064
2000-01-03,-0.5394100768397211,3.398703507318354,0.8107531848543805,0.3519403130709131
2000-01-04,-0.7039063311280667,4.142539345530267,-0.5588475557910344,1.0247601656420928
2000-01-05,1.7931143018300348,2.9846456901704523,0.15423453077027016,2.0943910900950025
2000-01-06,1.7973530381525569,4.162932871183354,0.5990508148809117,1.1782174007786097
2000-01-07,0.5865762619369095,4.184492081984788,0.28420008141440195,2.207652788048904
2000-01-08,-0.36018290327509517,5.265522610195186,0.3290910778280697,2.008676932555801
2000-01-09,-1.2418839602978806,6.592405534928564,0.5488595864766423,1.9271378314165053
2000-01-10,0.42346829555765964,4.9687424401102085,0.22206388997221171,0.8342399624195724
2000-01-11,-0.5169203325188387,5.572094203838773,0.5007592964967065,-0.9112624469184365
2000-01-12,-1.2429321029667837,5.233701034319499,1.472566201416853,-0.24501204437462054
2000-01-13,-2.407795166089001,6.487261728902919,1.1366075610977293,-0.3655423503140217
2000-01-14,-3.0991972582158844,8.760033840492083,1.1963772475021859,-0.25515345505756926
2000-01-15,0.015502762437527462,9.054571253695086,1.572876794991615,0.574312104343082
2000-01-16,-0.9771735703135506,9.681839345522167,1.5774939555695398,-0.6118925083382208
2000-01-17,1.0784488681747906,8.462587987466428,2.3004131270487433,0.4595136618349621
2000-01-18,1.3342179407934716,9.998367916002213,1.9338329558097636,-0.5254514938921915
2000-01-19,-0.49678275498834834,8.486481070833332,2.575613228168462,-0.8865291616946225
2000-01-20,0.6106701289907364,10.251693750636493,3.999629196652209,-1.4882949999547104
2000-01-21,-0.5866697096620159,10.984713884259731,2.794417844925586,-1.6920242387022613
2000-01-22,0.1802698901117683,11.102056908260419,1.994857836598162,-0.8112129857644889
2000-01-23,-1.2645520912405197,11.721794784705068,1.5155684241811938,-1.0061513236246569
2000-01-24,-2.0081670526516637,13.077870469285086,0.2580551701276117,-1.628459040677177
2000-01-25,-1.6603599473566364,13.740995152720554,-0.35378958655437565,-2.494995974125729
2000-01-26,-0.2368636279620029,14.843493373504211,-1.1117844166516697,-1.9645994012307386
2000-01-27,0.2960023962156185,14.163083975363543,-0.7171750908806835,-1.9265711195161062
2000-01-28,-0.22489846898044086,15.349903066374019,-0.1627673685623353,-1.0293512409933374
2000-01-29,0.542079657803947,15.59475400124691,-0.7201449518244496,-1.8993672648815343
2000-01-30,1.2165976033659165,15.12276238267353,-0.873321482238647,-2.1496330776387387
2000-01-31,-0.606563043335991,14.345975165052606,-0.34779278036695005,-2.9494296760537595
2000-02-01,-0.17244565123010003,14.643030940599045,0.8790959502480173,-2.6939171058141564
2000-02-02,0.3069435676290428,14.388884088081923,0.043975214755986314,-2.4736559074725055
2000-02-03,-1.3356785128441817,15.429702434407602,-1.0051682732612823,-2.8866456104474696
2000-02-04,-0.34532617436053303,14.048825748882509,0.2764151226763647,-4.352696393121679
2000-02-05,-0.2888299676756689,14.775926768403455,0.11926715387876971,-3.2274770924665694
2000-02-06,0.1748540375956758,13.82223459319383,0.7800169223906461,-3.868766790888256
2000-02-07,-1.4463590870205798,14.829746187305432,0.6966354393822479,-5.471060328379227
2000-02-08,-1.3962664238475602,16.104441549496016,3.3069882876667234,-6.222611694680009
2000-02-09,-2.7478318895062723,15.873759149250466,3.4919952417589357,-6.43345269617316
2000-02-10,-3.0376192386955365,16.010749773001884,4.571298507700154,-5.8021949420108925
2000-02-11,-3.4575419555507985,16.707550098418842,2.262224044198064,-5.243073753674404
2000-02-12,-1.7309131689540442,17.45927262789752,3.2765910468406876,-5.8046213385634715
2000-02-13,-0.026446948728636954,17.289005046018612,2.898997798408673,-5.554637910735093
2000-02-14,-0.1260592960954606,16.974980599808838,3.1935138806846917,-5.43701374980246
2000-02-15,0.20567032224824502,17.929509722314975,4.022568135149854,-7.259979662454318
2000-02-16,-1.24263357722388,18.172941280784592,4.322161033852748,-7.530990048854084
2000-02-17,-0.5548954875870202,17.765812381284103,5.108501994419122,-8.078875443518493
2000-02-18,-0.5804427429751005,19.220748824406385,4.287974084403252,-8.341604175332323
2000-02-19,-1.2324247711648353,19.140873447832043,4.950924039121002,-6.953079222023645
2000-02-20,-2.5380505430530382,19.66197409570871,3.5783913924034376,-7.149531386555091
2000-02-21,-3.1265157757361157,18.999933536277915,1.9853673772857592,-6.622956359199599
2000-02-22,-3.118525828375986,17.991345227274206,1.3538669381529729,-6.532351766826046
2000-02-23,-2.250144015941604,17.77419847782331,-0.9808132267800904,-7.803817137944334
2000-02-24,-2.744318033965353,17.406195563651757,-1.2626424134148846,-8.872350103257956
2000-02-25,-2.3513148073613817,18.40216083599176,-2.8529140300895817,-8.355254157652137
2000-02-26,-1.4194435823794993,18.076562820399534,-2.567201539290353,-7.940912513991805
2000-02-27,0.2675262419394213,17.326929898263444,-2.393186303834773,-9.305544147875542
2000-02-28,0.1846397866509297,17.48591577967802,-2.04765813427477,-8.911311771849471
2000-02-29,0.8068302620571473,17.786547635707997,-1.884129754105941,-7.727059807940284
2000-03-01,3.9235335165317324,19.03133024327151,-1.8984002596122558,-4.785054836579944
2000-03-02,2.688603791627406,19.350176324906172,-3.203265010588593,-3.609520022323298
2000-03-03,2.1946746390197616,20.170414295978876,-4.3939494159739505,-1.2360897708506005
2000-03-04,0.442204992417746,20.883214751879294,-2.196629033060168,-1.9379891953529969
2000-03-05,-0.2664300374541695,20.96163959388776,-2.234278072274227,-1.9328621309986525
2000-03-06,-0.6518936550312862,20.081759062622893,-2.0765035431608716,-0.6925343270484452
2000-03-07,-1.387147088248382,20.658536970086033,-1.9103021361294918,-0.4225380066797189
2000-03-08,-0.8321040885305608,20.53105715347198,-1.1470380417192994,-1.5764314815477536
2000-03-09,-2.859125966926814,19.50892264713082,-0.09125768041741589,-3.4470652180064536
2000-03-10,-3.539036439977068,17.76357185620099,-0.5460183764523212,-3.617888793286653
2000-03-11,-3.5607886556656543,16.936898893907504,-0.5548874229524173,-4.252956199509282
2000-03-12,-4.2382196498013345,19.578849324712174,-1.168078576206997,-5.2268992128914045
2000-03-13,-4.381029841205568,19.077728585622744,-0.886684896459816,-5.371688582644283
2000-03-14,-4.5333463156688145,20.618352921150812,-0.9451810901244985,-4.650824817598167
2000-03-15,-6.1197814316260555,19.500693075983808,0.17999237121396894,-4.35482506964853
2000-03-16,-6.550548244191807,19.998016056234814,-0.1580466579699908,-4.84428383265972
2000-03-17,-5.9425522361218235,18.729859525467315,0.8431597949141179,-4.5746904591349224
2000-03-18,-5.948277191416702,18.93670184570062,1.2257226318290864,-2.0047431491276826
2000-03-19,-6.027534722791076,20.688649773141524,2.3072852132069572,-0.16393329050414218
2000-03-20,-7.029698628721091,21.64934595430564,3.5610076380709783,1.1950663002998543
2000-03-21,-4.247529162798646,19.973105459535084,2.9988975171472623,1.5849046608654709
2000-03-22,-4.785834650608633,19.804048298051793,2.9078312598494085,2.4303847639488687
2000-03-23,-4.428644765506679,20.25981737931453,3.378637205580778,4.725038864919729
2000-03-24,-6.4977403470283175,20.683500450472987,3.448404620850643,4.168310842352007
2000-03-25,-6.908065135710964,22.297759265897035,2.3467739152142735,4.8006540132794555
2000-03-26,-7.664311083438606,21.816686013916218,2.504957390021772,3.8750316567843415
2000-03-27,-6.938119673094922,20.824170712099168,3.9252153381872503,4.682620217646052
2000-03-28,-6.888625540610884,20.6916046721036,1.6691644579800404,4.053334380265131
2000-03-29,-5.4421376687513945,19.812458025459712,1.8761986821443475,3.4539359121040034
2000-03-30,-4.972747544214358,18.73068679440338,1.0264040370029717,3.1822064277521545
2000-03-31,-3.659045432159044,17.582180870662533,2.018354541625499,2.615774741931404
2000-04-01,-4.947162066168073,18.217617145533435,2.1945252773668806,2.7810782127133105
2000-04-02,-4.5825579269276675,18.47179305417261,1.2932567648848878,2.23091789456483
2000-04-03,-4.897406443432738,19.231328677624173,2.6937687841020006,3.265298271250039
2000-04-04,-4.248006048157609,18.14633910053703,3.450645058984429,4.952839790732386
2000-04-05,-2.4192405760149884,18.90863951280711,2.9288839129876365,3.6792191749010805
2000-04-06,-2.084820964593161,16.731609186008214,2.9592491067106637,3.3561214644076705
2000-04-07,-1.6580872446572612,16.60784495421549,4.851839901624199,2.9248014593675506
2000-04-08,-0.9044473508513766,16.21641513169621,4.828636051880375,4.838404889296022
2000-04-09,-1.6943207998789775,17.901981249668975,5.708823421262203,5.623145765792772
2000-04-10,-1.5125054916406178,17.386557462580953,6.801028093631865,3.75129848012815
2000-04-11,-2.2433729430083162,17.36143798022941,4.58310163688802,3.4013163981192363
2000-04-12,-2.307254868947389,17.128179202018075,2.255427863135692,2.807561518951863
2000-04-13,-1.929035532432286,16.65772630497598,0.9028134258154163,2.1627147481472635
2000-04-14,-1.940246521710748,17.211000940006272,0.8507837211563715,2.8652424769481044
2000-04-15,-2.420381572750492,17.970638210283774,0.8560982647558204,2.943897395631078
2000-04-16,-2.4887190354215356,17.61674795158688,0.349939637706958,3.2412356504864195
2000-04-17,-1.868561714800356,18.323500297682347,0.3342602785263056,4.208896496375104
2000-04-18,-4.159723690173301,19.09170674481074,0.13254387098170317,6.53413488603416
2000-04-19,-3.8349549672051895,18.091927816334444,-0.7516346955477373,7.411298682248151
2000-04-20,-2.7811831536202885,16.793366836039496,-0.22784171988132895,6.217815425762568
2000-04-21,-2.320397622672367,16.939179378451833,0.607008776660048,5.162505255500569
2000-04-22,-2.399676443058185,16.559327515422865,0.22462002288709354,2.9268567462589186
2000-04-23,-3.7740501633141914,16.92560844613285,-0.9938820401106816,3.6289943048696545
2000-04-24,-2.6412646960882666,17.426809408679492,-0.64899971277414,3.028831084647196
2000-04-25,-2.0365265526758973,16.23071689648665,-3.1098647511716626,2.294811226072914
2000-04-26,-1.7883326715708376,15.373133234497045,-3.508030071844317,1.8905748370926614
2000-04-27,-0.1048877901008014,14.560003268723879,-3.3406607428117923,0.7782535343506778
2000-04-28,1.0277878150440958,14.43538476620449,-4.155597593575649,0.8780688508037647
2000-04-29,1.0288558373649113,14.7830968519005,-5.218149088971597,0.24668164937141146
2000-04-30,2.2743835346810286,16.04500225411744,-6.872292938969958,0.5683575719917089
2000-05-01,2.0450214764743473,17.258032452758474,-8.399797271618112,0.6631928510403197
2000-05-02,3.6810553459353694,16.754570485769207,-9.295217756790475,-1.7364301935683284
2000-05-03,3.7657673449301625,17.29088149435844,-11.446232991208479,-2.7495396310366385
2000-05-04,4.22207049393761,16.960159447873405,-11.195708467255555,-3.2705738712605035
2000-05-05,3.676098582012205,16.287059709442087,-12.200213808319454,-1.5655278170465814
2000-05-06,3.269994701857851,16.318733533575777,-13.6269551492084,-1.1904265013520832
2000-05-07,2.5122613361689297,15.489505600183175,-13.201449066308868,-1.0631563709153513
2000-05-08,1.9966853969162948,15.15483524090588,-13.105707364966404,-0.1428580557757988
2000-05-09,2.6564520553712994,16.968932552880275,-14.823075182014447,0.2173330351587422
2000-05-10,2.4180585260934486,15.893650363727097,-13.289514040853364,-0.2117099471549969
2000-05-11,2.067795940075471,16.44301767628159,-13.350390264922064,-0.5432112669881823
2000-05-12,0.8541377204697336,16.52595526309413,-14.319719800158982,-0.716807120205456
2000-05-13,0.8069099262022316,16.4126060737564,-15.08032487813201,-0.037964334580350756
2000-05-14,0.6809973442222461,16.62229795446735,-15.275519765479878,0.9967953610249026
2000-05-15,-1.2461046928580823,17.976826882962197,-12.929883629511439,1.3363076616126048
2000-05-16,-0.544251653366953,17.213881809673563,-12.475483959807352,2.4768535781138805
2000-05-17,-1.4769202611602077,17.088376811419305,-11.301028027218122,2.6518961568696957
2000-05-18,-2.160859549832426,18.040645589888634,-12.474005836951028,2.993509645005206
2000-05-19,-2.514131200069134,17.765908820322473,-12.508628507589151,5.411709338336463
2000-05-20,-1.9783619840661633,16.94406940210971,-12.0410762050247,5.8705821330546035
2000-05-21,-1.3784600766753212,16.945198681280083,-12.30244306234299,5.1076689620514415
2000-05-22,-0.8288183857075687,17.5422973084901,-13.094053170434545,4.536594435465162
2000-05-23,-1.8464715652233346,17.639561375975713,-14.013171384807169,3.5138859925714363
2000-05-24,-2.504508960563728,18.709138972540053,-14.903966137083986,5.326827119165788
2000-05-25,-0.7422984110553086,18.208303012425468,-15.450629635357034,5.366580891063673
2000-05-26,-0.6780755388727602,18.692107232466935,-14.693518126200573,5.415638930605329
2000-05-27,-0.36333171093777467,18.96276953612386,-14.543665556746975,4.063222470530729
2000-05-28,0.47562824331518433,17.97563985377047,-16.7505966428984,4.3391672264231005
2000-05-29,-0.6724767699805902,19.121550847727974,-16.163994899686934,5.225446659208685
2000-05-30,-0.6535542549555566,17.623728581500313,-14.634632082492052,6.323953230825378
2000-05-31,0.08346873470039007,17.946248181046094,-14.616307833243772,8.38284243353869
2000-06-01,-0.5724299864696941,17.86060032207246,-15.23456052982644,8.400730338545054
2000-06-02,-1.092475836032654,19.646809071460247,-16.205195141576866,7.941444293915353
2000-06-03,-0.5555314282009806,20.857713005664095,-18.043516275430846,8.207720116340958
2000-06-04,-0.6152352251870257,19.771719110293827,-19.762519669347075,8.61041016293017
2000-06-05,-0.2322824986463336,20.359057934354475,-19.23988020721541,8.425184285388822
2000-06-06,-0.17254502836033225,19.991607666884278,-19.039532815629784,10.542824528698937
2000-06-07,1.6215561140087598,19.859829388981662,-18.25458311192377,11.300192127622578
2000-06-08,-0.17994765142134472,19.295605572970157,-18.6480747532049,11.982668743608997
2000-06-09,0.41871655105475714,19.761128229733153,-19.528507385056834,13.124367866636453
2000-06-10,-0.41067908838679557,20.50490564923007,-19.973512759479927,12.786358517194417
2000-06-11,-1.0280299085017937,20.75590361678563,-20.323044484860507,13.29473071473166
2000-06-12,-1.285718830095972,20.840271121374393,-20.70975241162422,12.499660087391243
2000-06-13,-1.8723964358702538,20.664959937484387,-20.093565673923756,11.68985863336218
2000-06-14,-1.4559446507181244,20.394176965608843,-21.214780921961292,13.48256946142045
2000-06-15,-1.7828916451294865,22.066901328766214,-20.097134832123842,11.850509980902286
2000-06-16,-1.5524892819990508,20.81765715366425,-20.45207428419658,13.149634706124312
2000-06-17,-1.9041958685711373,19.440143390142417,-20.854588489993287,12.658881796808547
2000-06-18,-2.6667902662722858,19.34286937743847,-20.26786579318967,13.372412737447686
2000-06-19,-2.4481022294293484,19.90425498288993,-20.12690494743099,11.769562966375982
2000-06-20,-3.653815297160607,19.929048015402056,-20.616154795723833,10.117172044477233
2000-06-21,-1.45863357445999,21.02961002030764,-22.196260727444034,8.841628334437445
2000-06-22,-2.006563557369607,22.90252499931461,-22.27605926278073,9.928790199414374
2000-06-23,-3.2674290217170596,22.052680191461686,-23.428483497063816,9.28876333336565
2000-06-24,-3.3992253930980834,23.49665570965561,-23.041331977428285,9.449893604683593
2000-06-25,-5.376401045507034,25.120217619314044,-22.47271895764944,9.35561976358099
2000-06-26,-4.761133475018551,24.875522130328907,-23.631612612185656,7.1351727859038405
2000-06-27,-3.730251360453457,26.69944136274991,-22.752662827655033,6.915051864782173
2000-06-28,-4.519316253416263,27.64471731181553,-22.69008070062734,7.882212196439517
2000-06-29,-4.4298748149205895,27.355769717987254,-22.57179951195853,8.13580148274596
2000-06-30,-4.364595534261975,26.493012753113966,-22.043588540657986,6.632769507268605
2000-07-01,-3.620601572967453,26.983131106759245,-22.33677633044614,6.4611104710264184
2000-07-02,-4.022737449173533,26.7434325400524,-22.370607941396027,5.978447103899419
2000-07-03,-2.369198064142874,25.15493606172318,-21.97892663400051,7.171773139764789
2000-07-04,-2.868117768103784,24.24793188185981,-22.037817197886145,7.402263277998012
2000-07-05,-4.535334820721906,22.777436220562812,-22.58584848000379,8.791984396091355
2000-07-06,-3.5217668643921427,23.840172028353507,-22.857410950394634,7.814859274822764
2000-07-07,-3.0417536295759553,22.905270123341744,-23.746496802987313,7.078875653171388
2000-07-08,-2.030439916135886,23.799641720354895,-24.3981357217318,7.289683006924521
2000-07-09,-0.36493652251321307,24.83276261285177,-24.360419078798618,7.205884630070184
2000-07-10,0.5079256569102854,23.583583902547804,-24.582644641464285,6.2434777015538225
2000-07-11,1.2181772179076746,22.938706934393725,-24.306315966084338,7.36557323454071
2000-07-12,0.7442555607194201,22.645147773272043,-24.327691266775236,6.370527838536754
2000-07-13,1.4424810638468668,22.457605561605344,-24.31010296810965,5.6116382787910535
2000-07-14,2.5373893223081527,23.444190949987355,-25.484671709991893,6.380519640058741
2000-07-15,3.512889851736084,23.86317923195097,-27.606326917923035,5.870311872668224
2000-07-16,3.426143101147603,25.02411645942302,-28.407332041162928,5.383711574148889
2000-07-17,2.419494015971515,23.238540186932,-27.591139163526893,3.4964108811187185
2000-07-18,1.97497073581465,24.289546554293114,-25.676237277231607,2.593021024703319
2000-07-19,2.1155969399567702,24.25070534699363,-27.17101729232914,3.2915945921654375
2000-07-20,2.52452998497292,24.70493826443163,-29.24729624209514,3.17927643428272
2000-07-21,2.0245908999860225,26.82872731204059,-29.073000611140387,2.822818936279135
2000-07-22,2.4988295431887027,27.403752876983898,-27.791024640516916,4.006024076486644
2000-07-23,3.1716364485277433,26.64370850646177,-28.709930351834306,2.1579358326984783
2000-07-24,2.8589670837678076,26.508137257409913,-28.561164089186725,3.943121037173696
2000-07-25,2.938002978049287,26.203766651200628,-29.233776416703467,1.959881042549162
2000-07-26,3.529554652310825,26.213841186328644,-29.744039756297806,1.260114066589478
2000-07-27,4.041302369048933,24.90989447809462,-28.596698783818777,1.8716634901571174
2000-07-28,3.5072681088110382,26.27490259858634,-27.905837594113187,0.4530276465499983
2000-07-29,3.404786103732248,24.839872541196705,-27.347692081185627,1.1558777344747218
2000-07-30,3.805361451765076,24.79708815351132,-27.565658928286247,0.2704915891568317
2000-07-31,4.080878750325893,25.176946199854758,-26.993244034386805,1.1785745858627785
2000-08-01,5.105425549678774,23.38809038098661,-27.235471482609363,1.3127824268942259
2000-08-02,4.069029535175463,23.18460383308575,-26.795436808053644,1.2889670367238344
2000-08-03,4.785341759561555,23.513842865131988,-27.44949087881918,1.099557699004348
2000-08-04,6.204475413358994,24.015342320736806,-27.759917030295174,1.027122911706626
2000-08-05,6.988482528411996,26.37411056602453,-28.00161381229504,0.030905570601128862
2000-08-06,6.251812554011856,27.388144637581288,-26.793280002066442,-0.07016501364585383
2000-08-07,7.257806010167498,26.905857726163322,-27.569006766993404,0.6291600257988029
2000-08-08,6.565079868682729,26.91131067999353,-27.086509429230773,0.27602928678716876
2000-08-09,5.2116900523841245,26.324394682351766,-25.10621858234848,0.6395803583481225
2000-08-10,6.064914313404876,28.21190270906503,-24.753831580730033,-0.7640584784238786
2000-08-11,5.449936252737878,28.965779428824774,-24.090994345324834,-1.7683744597195943
2000-08-12,5.936585040752035,29.90159430823109,-24.26245099303061,-2.1875653333669263
2000-08-13,5.665737064422947,29.825132836536323,-23.81937530079655,-1.2325828545352024
2000-08-14,6.8191484657301,30.044605520062795,-23.697235880887906,-1.3302866420214334
2000-08-15,6.019723522329668,30.94226742036588,-23.20282407367776,-1.2844870381607592
2000-08-16,4.9247416108088515,32.67848670298331,-25.68509335774417,1.2015399323038138
2000-08-17,5.090485776847214,33.30685649435542,-24.88876407046947,1.6870938635200763
2000-08-18,4.818650622301703,31.832019320118185,-25.28216098584225,0.6798376704044395
2000-08-19,4.957530044143704,31.11966648039177,-23.78851580811081,0.4033036040784962
2000-08-20,4.854563253744937,32.081242741256204,-24.033053423805452,0.28067219759593776
2000-08-21,5.735620598663585,33.541483306348155,-21.01924612584571,1.09223619262094
2000-08-22,5.282255298731681,34.38669027836186,-19.05267366279235,-0.6724438502530845
2000-08-23,5.708671264781956,35.435605200048414,-20.867420664765376,0.8892724589889571
2000-08-24,4.630568731839244,36.26628271607148,-21.17837744432802,2.0883219267906874
2000-08-25,3.821600377488292,35.31509311964123,-19.908750421258308,1.8047418712354457
2000-08-26,4.466597242988789,36.11053147059854,-20.072772985959155,1.3202454800120473
2000-08-27,2.202329134298693,35.81599394333416,-18.860162927622543,2.2370545623630944
2000-08-28,3.4486207780016906,36.65215145552092,-19.20430577970842,2.0011800004010953
2000-08-29,3.294953654499545,35.60538768593438,-17.598532747119215,0.25287327765943357
2000-08-30,3.78968744876771,36.244024302590226,-18.67374926509313,0.8680819020951978
2000-08-31,3.8900724400346527,37.50652195369713,-18.92853120866999,-1.2483154455285832
2000-09-01,4.248886942754975,37.60213657263116,-19.740714166168953,-0.9324010231266177
2000-09-02,4.589873266678454,36.831185863780675,-18.347396660006307,0.579864936989069
2000-09-03,6.410017754695926,36.267474086562686,-19.26391564833859,-0.12410128639183227
2000-09-04,5.05890480088233,37.244081990878435,-18.4840455469264,-1.047550541690283
2000-09-05,5.699544231754772,37.93343432300253,-20.731325058332214,1.110496702772588
2000-09-06,5.1709276323007405,38.59032872046573,-21.213361575687017,0.04390593350975047
2000-09-07,6.051532384305835,36.89680041543707,-18.51271237642274,0.31099127680058936
2000-09-08,5.389347848496352,36.29707683435324,-18.695589816891527,0.3993186416752515
2000-09-09,5.729355409392043,34.933290791018,-18.121160183583044,1.753108689197562
2000-09-10,5.4764257992087675,35.34279653573064,-19.51889153212868,0.17426091906821428
2000-09-11,3.6383096824629457,34.71009644723874,-21.089434105526262,0.12702952798095138
2000-09-12,2.860876982834455,35.1287813436193,-21.671279663653372,2.4574843642901434
2000-09-13,1.2949051046088111,35.029853371895335,-20.053151052899327,1.0919585152828062
2000-09-14,2.846991995414469,34.39864246537693,-18.542503184885184,1.4140493364947613
2000-09-15,3.0148248766840786,35.11210768763681,-17.950607797485862,0.6421368526579461
2000-09-16,3.8349607158564867,36.38455549898931,-17.438253154535467,2.095464670543633
2000-09-17,2.039445048751713,37.46526251380297,-17.791153828542374,1.5228228918743645
2000-09-18,0.7337957093961123,37.912439342288586,-16.538700354203826,2.274039224532036
2000-09-19,0.12229521320152392,36.419573454880855,-16.240241932981156,2.5335833637944702
2000-09-20,0.7707686384429915,37.033831575367266,-16.08169766041071,1.1440768988877172
2000-09-21,-1.306033165735139,35.89805864239754,-15.739468546210945,1.2258468706251875
2000-09-22,-2.5695185350134273,34.90084385523093,-16.242541701696112,2.9274481422176892
2000-09-23,-1.589457082408504,34.352317246047505,-16.90995786197713,1.9401434520960033
2000-09-24,-0.22534313523911176,35.69297674503284,-17.287200337753266,2.649642497102301
2000-09-25,-2.1878733347714023,35.95715911331746,-20.074444959883635,3.8094031441342997
2000-09-26,-1.737110492094634,36.637385414960505,-21.054125645105803,3.7381934377750574
2000-09-27,-2.7014853208141165,38.40560312122285,-21.030124858551925,3.844314851283568
2000-09-28,-2.0592503576750536,38.432178916769644,-19.580923166922386,4.9248176571482585
2000-09-29,-2.9260451744879754,40.79940475555059,-19.617603372603117,4.173362306621092
2000-09-30,-2.1617864004086327,40.00423114578016,-19.421302577578416,3.4541564312911097
2000-10-01,-2.2770185921030994,40.652845210085616,-19.586237599102247,3.39352527046009
2000-10-02,-1.0629823345819305,39.72662590352308,-19.163991744055913,2.8212802784898514
2000-10-03,-1.7473407048681386,41.29225684453738,-19.299818675924012,1.4841375185192207
2000-10-04,-2.224069665665576,41.95248640856045,-19.942775776799348,0.35167680689127545
2000-10-05,-2.092506699662645,41.8203910455071,-19.9142534473852,0.4407431342102112
2000-10-06,-2.335473396720968,41.898137173910996,-22.516560208185172,0.7773258438758789
2000-10-07,-2.365541158515269,41.90195539397511,-23.585330443256474,0.6174301374415356
2000-10-08,-2.891633968557164,42.299466533259384,-21.772820767349323,2.865904901627238
2000-10-09,-2.263879695278588,42.30493699707797,-22.204124746572624,4.3036002664798545
2000-10-10,-1.3934898617318714,43.3293901373391,-22.121569146409744,1.9740948288220586
2000-10-11,-0.7908041912292709,44.26616561471034,-22.607555205557322,3.0085995782351933
2000-10-12,-1.6851639565347414,45.52474387909849,-22.781731957112232,3.0473112536359226
2000-10-13,-1.0920450468948681,47.723773907775474,-21.790616720274837,3.738681413694021
2000-10-14,0.19548075202830795,46.50926162175161,-21.139405878639742,3.0932849825621935
2000-10-15,-0.9590857567550446,45.94859436084554,-20.282628029455484,3.5552749481428885
2000-10-16,-0.9194625439623529,45.78651775201076,-20.738372087860867,4.402375199806768
2000-10-17,-1.633148562239702,46.47932907016788,-20.86744685585689,4.686647308674007
2000-10-18,-1.272415194346297,46.81148612991032,-19.370669822716774,4.155398299819485
2000-10-19,-0.6977161173884672,46.014514736256885,-20.0690115965009,4.190944743196318
2000-10-20,-1.2405923449519274,46.83309417932817,-20.59466317134603,5.450812768728877
2000-10-21,-1.5382394783856803,46.092467679887974,-21.67558922421942,4.817146619366153
2000-10-22,-2.1123515433269304,45.12795504295645,-21.66294721276619,4.628281425451006
2000-10-23,-3.6171613648604524,44.76216172774639,-23.112171637301383,5.423389757239539
2000-10-24,-3.5754934166665486,46.38440493746758,-23.36841789456017,7.120519920333633
2000-10-25,-4.223057636122815,45.81639951108022,-23.381640596477084,5.7963351916994865
2000-10-26,-2.878047788228037,44.85837304232,-24.704310617588085,4.174045470485029
2000-10-27,-2.536203175510567,45.3235240630585,-24.76585501787995,4.324082055415348
2000-10-28,-1.8968896170337222,44.16788686938745,-25.081619125840245,4.3766258183521884
2000-10-29,-3.3187332053003242,43.64956668479236,-24.490797379333817,4.260728859785743
2000-10-30,-5.128025345008284,44.07096185646208,-25.203850422080382,3.9003185405257703
2000-10-31,-5.316916478585296,44.71233409980767,-22.957666398133718,4.023279376818887
2000-11-01,-4.474742790226724,42.53415166409684,-21.557300904786263,4.004722260492136
2000-11-02,-3.5284193837015128,42.749394354568814,-21.066269213768873,3.3394056749204974
2000-11-03,-4.356752261438201,43.16771321538584,-20.621299293146546,2.4292140628713117
2000-11-04,-5.649648707415174,43.04850949507811,-19.656500825198634,2.385721150960111
2000-11-05,-6.599417106386988,41.10586444361617,-20.904422378786037,0.695795794265333
2000-11-06,-7.236461526150171,42.821263829632024,-20.903335864947156,0.6006796538489326
2000-11-07,-7.885185969962738,43.86315463811268,-19.037352566395494,1.211074361854723
2000-11-08,-7.04006170882558,43.98599209736308,-18.412834742692596,1.1503611489637904
2000-11-09,-5.455877016189652,45.356738931567264,-17.81176525443806,0.5060401857004184
2000-11-10,-5.245219829915046,45.13034937503442,-18.21713988462127,-0.2307298212349418
2000-11-11,-5.780776055971787,43.62590695934758,-16.966458368009285,-1.573508825122973
2000-11-12,-5.40681547300483,43.124354724845475,-16.726202614746878,-1.1515509898480707
2000-11-13,-5.030841295508547,43.532277978322426,-16.982437162417767,-0.16085076684807875
2000-11-14,-4.4939125397166455,44.593140317586744,-16.980078176444206,1.8355605239686008
2000-11-15,-4.300031739356111,44.36307530544024,-17.177525085166153,0.9255926467032511
2000-11-16,-5.732762352006757,45.16171872148211,-17.292568463070452,1.4050476812985382
2000-11-17,-5.951091558383867,43.51282136322939,-16.32602064737737,0.9907183915763449
2000-11-18,-8.075381897901382,44.279672468252194,-17.727671041897164,1.0559196581155583
2000-11-19,-9.413854341778626,45.48889700317802,-16.72249478009317,2.7582203277841644
2000-11-20,-8.970224019860124,46.0486775719913,-18.057291981513448,3.949036940094526
2000-11-21,-9.498175433510577,46.718014552951175,-19.49224635048705,3.925318993478173
2000-11-22,-10.782573984108485,47.4669205328898,-19.371930470616796,3.883894640825694
2000-11-23,-11.215775953549283,44.1289913403937,-18.50991760490281,4.052710941851248
2000-11-24,-11.141466731791752,44.06113185684398,-18.147603344133746,4.891905961015437
2000-11-25,-9.56031026558017,45.51851118291402,-17.88313757095319,4.370866568295993
2000-11-26,-10.516187588149688,46.21544424498409,-17.5757529005217,4.333407117728321
2000-11-27,-10.1650647961449,46.0191141723799,-18.25833103816653,3.392482080003916
2000-11-28,-9.826439798500793,45.96740060526553,-19.90311053160109,3.303646050493822
2000-11-29,-9.216423998015621,46.493326626054426,-18.164699171505603,3.823691207627011
2000-11-30,-9.638569523991213,46.14686984735799,-19.665211839888382,4.662422730381977
2000-12-01,-10.00702823043092,47.83787527547277,-20.878376756602773,3.488661515422317
2000-12-02,-10.435561698948577,48.57284591004958,-21.151559421491932,1.2164878849188718
2000-12-03,-11.35473327080806,47.97838762838262,-23.772925831598794,1.6597299386490638
2000-12-04,-11.576096849969264,47.43139845438603,-25.669891575185996,1.2703214217330518
2000-12-05,-9.91063967368742,46.570058730938015,-23.84932579017196,-0.35986749687634845
2000-12-06,-10.981239678795347,45.17681145539451,-22.7705641804113,0.6042520001282827
2000-12-07,-10.45289216639639,45.07322791869915,-23.501051497495418,2.2951019212893975
2000-12-08,-7.488155275229609,44.85883095676762,-25.027125993167292,3.099050323965598
2000-12-09,-7.305852283833478,45.54416191753013,-25.882291195543804,5.564153176943677
2000-12-10,-6.16657665316923,45.76232623794372,-26.86874844391966,5.5688787873697185
2000-12-11,-6.654396582283317,44.6854489795856,-27.362786579012575,6.417619540879756
2000-12-12,-5.7887106284997305,46.54234923412329,-27.221665568950918,6.058662422860802
2000-12-13,-3.908191961159641,46.490570656429064,-28.28998739569343,6.411230261385375
2000-12-14,-5.26922666374847,44.45951949928698,-27.974181746356447,3.7277356148554204
2000-12-15,-3.8969678774130365,43.15270438114553,-26.91031164997671,4.160647307006998
2000-12-16,-4.294761955045586,43.52456856381399,-27.15102394556743,3.9201479864657087
2000-12-17,-3.7171805543518492,43.099317961050396,-25.813352499950927,4.551343797356175
2000-12-18,-4.46845568538974,44.708309996439176,-25.919840550600338,5.523633281317703
2000-12-19,-5.64267478453732,43.7634329445408,-25.53155492407249,5.358743370501874
2000-12-20,-5.438576830607654,44.530143396016186,-23.3892152832726,5.131420705653378
2000-12-21,-7.675138799261653,43.62581015408206,-23.129229895974724,4.965674594130701
2000-12-22,-7.092324325966681,42.99626786417607,-21.732219245231878,3.8767582190640386
2000-12-23,-7.8951443767592115,42.4949190814418,-20.4823152725441,3.548433377285457
2000-12-24,-8.638588672061145,41.25137290061492,-20.64219570504568,3.5943438049501797
2000-12-25,-7.833054925792715,41.19813804820637,-20.99054285576429,3.998103395197055
2000-12-26,-7.995472618318444,39.37321521571309,-20.296930354569835,6.083564905287151
2000-12-27,-6.679610043486257,37.88099465859396,-19.21810085135918,5.686947177654905
2000-12-28,-7.542089573304,37.93281822677145,-20.336394611408192,5.655846459969574
2000-12-29,-6.038371418642474,36.967079615484536,-19.465781592729293,5.3673427249164805
2000-12-30,-6.9138386316970335,35.9180570858563,-20.13763178566109,4.14724945291436
2000-12-31,-4.724697513823482,35.822643203707145,-20.127462469541037,4.279592380544833
2001-01-01,-3.2027256504400397,35.62123465351553,-19.189791096415256,3.4568249768221997
2001-01-02,-4.607752143694258,36.442030428548385,-17.02405269239502,3.7223430084913147
2001-01-03,-4.588104007711964,34.68659243140924,-17.393734722129285,4.5180982901676074
2001-01-04,-4.95812359625435,34.289684239243996,-16.813530629518368,4.356808882160111
2001-01-05,-4.669540581248033,33.40686611319119,-18.02507608788063,5.860493777058084
2001-01-06,-5.1723188083032365,34.849988488490254,-18.37784168041417,7.447341696739268
2001-01-07,-5.339472301795744,36.385681293628316,-16.895483578282125,6.687567941984542
2001-01-08,-3.539255640305166,35.411176704329215,-17.60438797164806,5.708336140124189
2001-01-09,-5.071379512184758,36.07630509066379,-16.586049388325428,5.882625912848311
2001-01-10,-3.758333024324065,35.41496146234806,-15.311931233291432,8.727768106748647
2001-01-11,-1.887848938796226,35.728145198385,-15.236421119285696,9.305382232999575
2001-01-12,-1.1849000431940975,35.46536096450212,-16.342204969439102,10.645666844848488
2001-01-13,-1.1613592116192333,36.107429401449025,-17.55129210294465,9.560932604854615
2001-01-14,-0.21280848966106958,37.43836353407147,-17.66415341052384,10.22684895408414
2001-01-15,-0.11813906817504283,37.454371076358306,-16.247569183106958,9.042541029016576
2001-01-16,0.0055151063361875,37.401299581955065,-17.799403670290857,8.586097755003589
2001-01-17,-0.4289954716837838,37.18464400523475,-18.447356731756038,8.749072402464883
2001-01-18,-0.5615376818240034,37.36725911047923,-18.710837683829904,8.3912009085806
2001-01-19,-2.5224499440884722,36.125642278500294,-20.067840360173165,7.780376427555344
2001-01-20,-1.6915165821296383,35.80925036700447,-19.301210023246778,7.167064604477284
2001-01-21,-0.4900939937498179,36.383549233706454,-19.717267002645976,8.448268787163258
2001-01-22,-0.1310239009831251,36.587297048707754,-19.25353954386633,7.50360460050116
2001-01-23,0.6601350544077624,37.611247575239965,-19.42826003937941,8.051601926096374
2001-01-24,0.5975258042399934,38.654099746207464,-19.87933353060784,9.565341123859831
2001-01-25,0.8552852117770842,38.256074288625435,-20.007675630119365,8.466299696706356
2001-01-26,-0.30289315688106044,38.13058966285806,-20.02134509998789,9.506348302169267
2001-01-27,0.015571604327255018,38.36204679124441,-19.72278130424518,10.876025846076972
2001-01-28,-0.40999528879100217,38.45152623245155,-18.457831670987364,11.556604182211881
2001-01-29,-0.854093212869977,39.704158542507905,-20.32489636948376,10.96067351892232
2001-01-30,-1.3244321340070406,39.458032725770316,-20.742210223995595,12.977444104891548
2001-01-31,-1.5833737425526204,39.05147376344829,-19.6473906656045,12.744104027952252
2001-02-01,-0.17925622565590604,39.68527663757434,-17.87105782287929,13.276657578824349
2001-02-02,-0.0398540815735649,39.48648591630162,-17.994235269237475,14.286303684982675
2001-02-03,1.4301468029825524,39.13474568678964,-18.162326052826543,14.212972508108537
2001-02-04,0.7264111472136704,38.857386311459365,-16.96631791810929,14.904077830542453
2001-02-05,0.5766911207160021,38.09885725349581,-17.67149380081531,14.477781101671301
2001-02-06,0.12834608556566535,37.22733812396038,-16.628302397979546,14.841720926171106
2001-02-07,0.06027493597260797,36.92790058505804,-17.319455978146628,15.31344294078389
2001-02-08,1.9437558822910512,37.06718616933613,-18.858486878315922,16.6049677667038
2001-02-09,3.3118888120791574,38.21530824725558,-18.37682234959219,16.358964350734105
2001-02-10,3.243116198776224,38.45320442667692,-20.209746099771998,16.333098031149373
2001-02-11,3.794248389974085,37.31193513520331,-20.73951585799608,15.593650208562517
2001-02-12,3.512685506722531,36.77485665051899,-21.45985613831613,15.856682541268214
2001-02-13,4.8277920116143,38.58547443529793,-20.080235926197854,14.815263453009974
2001-02-14,4.730041697373396,40.17222314295571,-19.99166856222522,13.795037011254966
2001-02-15,6.51036089163594,40.79793668334375,-17.108131258068134,13.007172934619863
2001-02-16,4.595476863311928,40.828474784361106,-16.223114006566146,12.407449553331938
2001-02-17,4.341951918182065,42.35943062366611,-15.807902513466741,13.122927643248621
2001-02-18,3.771721371677393,43.75876260718767,-15.84877161931238,12.628813428594777
2001-02-19,2.34785637935215,43.477256488398375,-15.83644037226824,11.064547101565076
2001-02-20,1.1495862234369147,43.37485267797958,-15.6889035914,11.764989434138917
2001-02-21,2.193287600449784,44.19582202428284,-14.83997889720267,13.63952874529153
2001-02-22,2.28184271268201,44.55009134753262,-14.031531881051809,11.618758331665674
2001-02-23,2.0148167618882433,42.87165206960529,-13.487497191683985,10.842321348044585
2001-02-24,1.8864060289711666,43.2086000106264,-13.037067744527544,11.532291746640386
2001-02-25,1.989995627389091,43.3071080420074,-11.782040668508294,10.948477534571449
2001-02-26,1.280528772215175,43.68184153473023,-13.44391959919273,9.977075143969863
2001-02-27,2.2229017472980055,44.516154334144055,-13.62888517486753,9.650614109649704
2001-02-28,2.5208139601070116,43.923292599981295,-14.220272470613182,9.412941028990899
2001-03-01,1.0934485010932968,44.07378646810584,-14.562835302297064,7.900143678947981
2001-03-02,0.6983416905219315,44.595471659630846,-15.37317492382135,7.409316916994384
2001-03-03,-1.5289994523291732,44.250064283930946,-15.248759747086305,7.666623533200763
2001-03-04,-0.471636564459178,43.531430781801475,-14.475696441468273,7.552889071266047
2001-03-05,-0.5684386974939604,44.37623065293688,-14.190295582334702,6.746712902157597
2001-03-06,-1.505514037769312,45.73930486511882,-15.525308088905359,7.54345043669064
2001-03-07,-3.690380415565277,46.79428046674898,-15.971156808448844,5.877766539728716
2001-03-08,-3.5372836416816265,47.290734642867264,-16.679638738299012,6.552576182493344
2001-03-09,-3.1919232503527346,46.31438032394118,-16.24250169796598,6.925803259182734
2001-03-10,-5.7361134423687705,47.28432883762865,-16.89426973213654,7.474697294779309
2001-03-11,-5.7806376083777,45.39963727157055,-17.881264780286237,7.909061470743091
2001-03-12,-6.243010247576741,45.92898130501699,-18.1591225639355,10.591792220765914
2001-03-13,-6.804941374496854,47.800200798198915,-18.92446833553023,11.531132473884837
2001-03-14,-8.600068076027311,48.160026551574525,-19.87300341596923,10.464633261296614
2001-03-15,-8.586827354828351,47.978556794776125,-20.230111137858206,12.216169467111836
2001-03-16,-6.484560951516631,48.12090829403081,-20.2700705759538,11.557051801453698
2001-03-17,-7.0835572757076415,48.12620541206561,-19.051875098104585,11.695739689297143
2001-03-18,-7.259125429378791,47.478707558952024,-17.84171548368282,12.506141989599659
2001-03-19,-7.008618103709756,49.00250904164774,-17.468910238254903,12.366246327433558
2001-03-20,-6.806725326287063,49.258106683313635,-17.420832599083518,11.42676830593548
2001-03-21,-6.308588152555606,48.37458418818755,-18.39343622913647,11.156870841884304
2001-03-22,-4.19459724123801,48.766253837592544,-19.629384848724456,10.482543054539287
2001-03-23,-5.286402348857542,48.173905442601736,-19.57464628919639,11.266203539036212
2001-03-24,-4.216353892575722,47.59768933105736,-20.277776400197144,9.147904517925188
2001-03-25,-5.662701853392356,48.787738875250774,-19.149102539927803,9.28488327981448
2001-03-26,-6.699954712735581,47.15493163535505,-20.444941883982107,8.959751134176257
2001-03-27,-6.906632919623143,48.062920340893626,-20.511032349992533,8.19596231688533
2001-03-28,-7.4030511626598665,47.63062160652024,-17.786253653712713,8.9211001903431
2001-03-29,-6.314390667780869,47.67252378948686,-15.079527275365471,10.677391373832327
2001-03-30,-6.258218975550845,47.07278923895038,-13.96708356000861,11.157520578733845
2001-03-31,-7.818155669496123,48.44115639271797,-13.4004225560047,11.150812054969517
2001-04-01,-7.907173988089592,49.565882247972084,-14.405028267695211,12.365965382485161
2001-04-02,-8.091475849044762,47.92380112134403,-14.766008806098881,12.604426045355147
2001-04-03,-8.389039220320129,48.568331392708984,-14.65628149564983,11.75024253615521
2001-04-04,-6.161251672479014,47.952221471876264,-15.47887299733019,12.15745100426631
2001-04-05,-6.275978017570239,46.481312628128194,-15.217951337534501,13.553568783862227
2001-04-06,-7.933656998367011,46.15409162608496,-14.929357587282578,15.639284112124969
2001-04-07,-7.300762132327501,45.72172892232181,-15.158928871318118,15.797803918761243
2001-04-08,-6.305800509770997,46.058587613041595,-14.757725012396818,14.332993786243716
2001-04-09,-7.3351223323929515,44.46854475212404,-14.416490057005309,14.58743052988447
2001-04-10,-7.661970651498283,44.535673263035164,-13.502546713758308,15.19845138436965
2001-04-11,-7.513494639112183,45.477937919167566,-13.870942817033653,17.006358949735674
2001-04-12,-10.269408731230648,44.509852911919644,-13.57707704912003,17.43082441780237
2001-04-13,-9.042256486008334,46.63406773808319,-14.011172864897919,15.622594693427324
2001-04-14,-10.111412849633675,47.47873917848869,-14.060251493071965,16.50107070519033
2001-04-15,-9.757085320440453,46.282981540989184,-15.88316545316805,16.212193551867397
2001-04-16,-9.160643099967695,46.01290976877695,-13.74210127901012,15.612058253714745
2001-04-17,-9.380832282775657,46.448778265822064,-11.905281774453508,15.274496127412409
2001-04-18,-10.568139723824327,45.871847046433025,-11.324235061634381,15.660699943193672
2001-04-19,-11.685647204690454,45.41293252842998,-10.372980232527262,14.33818652953099
2001-04-20,-12.047817726713621,47.26929055309865,-10.138648265621121,14.413805279424889
2001-04-21,-12.16695734632199,45.22900063521044,-8.467351489791945,15.04817511451145
2001-04-22,-12.281599912607312,45.72313648325873,-7.947724421679759,15.824165441653678
2001-04-23,-12.194287775821302,43.16065221428669,-9.000846474103772,14.839227678209145
2001-04-24,-10.772495585914639,41.01271178465716,-8.784920494180955,13.73114156162891
2001-04-25,-10.55636025854034,42.944293483373094,-9.209001584206561,12.948689142515107
2001-04-26,-10.75960594768125,42.900838881148786,-9.545899872519527,13.519314330125587
2001-04-27,-10.618197584687529,43.83665633766523,-10.544453820767263,14.19918607337037
2001-04-28,-10.723570335792484,43.93502244561396,-10.352794332244052,13.321979408056045
2001-04-29,-11.516134171371435,45.28795724140689,-11.695661309308008,13.284441452319601
2001-04-30,-10.689604060308728,44.36186821445045,-11.827636982249155,12.84611291207432
2001-05-01,-12.117050959682953,43.064653945843794,-12.31790778667847,13.790644374720681
2001-05-02,-11.713135593465033,42.60823118730321,-14.314425035257997,13.305223794744405
2001-05-03,-11.676592018707506,39.65706415630208,-13.845573110924192,11.699962475643831
2001-05-04,-10.522197095704234,38.413777226732364,-13.84977164123541,12.510511022686941
2001-05-05,-9.542062289200961,38.39996883432143,-14.688913472920277,13.009872994443796
2001-05-06,-9.818664020098346,38.310057943969284,-13.737292427254996,13.027500818257096
2001-05-07,-8.460841344858668,37.499328241766285,-12.258515040637214,12.634147895019792
2001-05-08,-9.756598323537904,38.845860303998585,-12.054342048118276,11.797462234360765
2001-05-09,-10.850606315390563,40.18991933632743,-13.227791824338238,10.803062414692942
2001-05-10,-11.539299401043099,41.422709885713715,-11.509259008774361,10.489279841344295
2001-05-11,-11.103426853632536,41.373601948895185,-11.021715991526586,12.505562011066962
2001-05-12,-10.208405483496431,41.63732712057418,-10.904948595977373,14.953600853764488
2001-05-13,-9.381586616000558,41.77325065717219,-9.258328275178856,14.643932246951314
2001-05-14,-9.128569577334094,41.47755655516357,-7.905644716492136,14.611025956505404
2001-05-15,-9.641108153549327,41.58093273431465,-9.7093425339519,16.530498342168382
2001-05-16,-9.620468429575258,42.20353711847447,-9.879297647988029,16.960403068879938
2001-05-17,-7.911519102908548,41.54224691511813,-10.13445705698221,18.144566732925274
2001-05-18,-7.212571801466789,42.40070898485821,-10.546066450384215,17.95202776588147
2001-05-19,-10.253736475401242,42.266438823979485,-8.996894060300423,18.846971401858024
2001-05-20,-9.510668881025682,40.856276013609175,-8.427586503179274,18.204156942691515
2001-05-21,-9.489090506776828,40.66553650686821,-9.955305266186578,17.777017763982087
2001-05-22,-10.0451490573583,41.40051336470068,-10.509856138609178,16.40381183979931
2001-05-23,-9.56363667198707,39.86416662765168,-10.223422068324286,15.737025544739847
2001-05-24,-8.628353138095932,41.113694501920634,-11.379344293272098,14.46104576403826
2001-05-25,-9.135181612675124,40.79630501658368,-12.590480519260641,14.07766222307644
2001-05-26,-8.72429576045886,41.90142503344329,-10.935320187128427,16.06798216189846
2001-05-27,-7.60773898933309,41.93833825353429,-10.740205424031846,15.291434918445633
2001-05-28,-7.58195181174512,41.10777814738429,-9.283445108431756,14.445420235965145
2001-05-29,-7.632940294850629,41.19080822571643,-9.462467049314622,14.166443689249807
2001-05-30,-8.523537148551002,40.737953583888064,-9.43934752414969,15.145634508114696
2001-05-31,-8.273895474938243,40.21466886704237,-9.151154144722975,15.301253055309797
2001-06-01,-9.500279280666188,40.6396404910861,-8.721422134409453,14.533228955322171
2001-06-02,-8.984658876016642,40.235091435706344,-7.522799107373791,13.658698385401152
2001-06-03,-8.700118242717966,40.45554791708741,-7.014160866464969,14.134166219664836
2001-06-04,-8.480519581930302,41.110518972933356,-6.248121381668756,14.935150140130618
2001-06-05,-7.9496093039297815,41.97269743260668,-6.223956381954097,15.05021824435366
2001-06-06,-8.744677726881221,39.99985293025723,-6.822272119494699,15.383032589038184
2001-06-07,-7.691544466897003,39.28718113158903,-5.493530001404174,16.439095663630027
2001-06-08,-9.893852936067969,40.241500548035816,-7.372805899582114,15.304196801267501
2001-06-09,-12.454328490200993,41.896185137880785,-8.7995813885674,15.729388900319279
2001-06-10,-12.159117176456853,42.451629096903034,-7.837560230062805,16.313196751952123
2001-06-11,-11.570576617286239,39.784515387246415,-7.264340192606028,16.10696966492428
2001-06-12,-10.89275417187331,40.683936540115056,-6.617792813195091,16.86229114424508
2001-06-13,-11.095295078551267,41.638832108019386,-7.1457370256687565,15.600056173038253
2001-06-14,-11.362007163218047,40.80597295072423,-5.827985900269798,16.017782664660505
2001-06-15,-11.071449661440225,41.320645999198895,-5.052356330537124,17.340274085954636
2001-06-16,-10.231438947190675,41.129913793813394,-4.907236204281377,15.404724921755593
2001-06-17,-10.519217598390863,41.425449758478884,-2.516392932617189,14.490514400719425
2001-06-18,-10.336263252076833,40.16212084294181,-2.8792970813864045,14.132588199780786
2001-06-19,-10.862597039190291,39.45026215029267,-3.0225788032279293,15.18373607468669
2001-06-20,-10.698490840629846,41.048032889442204,-3.6311873210465606,14.53664819020193
2001-06-21,-9.58076317415771,40.2235002036007,-3.2944218198861424,13.966737716196377
2001-06-22,-10.588250672199182,40.738851837474,-5.125396284542357,13.632427756047193
2001-06-23,-10.361062258549234,39.95931820292174,-4.856516643240862,14.82190382347974
2001-06-24,-9.341728796313891,42.27553776523762,-5.498546964766315,14.069259240294533
2001-06-25,-8.843623565361625,43.504403023145635,-6.207738829226969,14.18664461854338
2001-06-26,-8.977753838572866,44.755155104512895,-4.580781072550173,14.95421940466906
2001-06-27,-8.126039984431962,45.80901402466021,-5.4614123582277925,13.667522340182893
2001-06-28,-6.540691005059183,46.223754245749326,-7.756666325018095,13.961817027879222
2001-06-29,-5.809991061226545,45.40346392170676,-8.807935828606926,13.378712511556746
2001-06-30,-6.278460721751899,47.525485139532385,-7.416556825097837,12.924969439527771
2001-07-01,-8.654486484943417,46.32186658567176,-7.1903411706667715,13.812245740200893
2001-07-02,-6.711728126790655,46.45342828046634,-6.422967596186072,12.543654581018863
2001-07-03,-5.63697567057436,46.68507740322916,-7.491181968007265,11.865685485509129
2001-07-04,-4.346388565849707,47.89840817057404,-7.1607619709422465,12.766843524222141
2001-07-05,-2.87837491690956,48.400591843154494,-5.533966467772439,12.317010710753339
2001-07-06,-3.597100558031038,49.70303867931896,-5.764389270460691,11.756213682558307
2001-07-07,-2.7391705511964903,49.34710655337243,-5.796143659963109,10.627845882494816
2001-07-08,-2.386443168308857,49.43695543829298,-5.620240619072658,9.574650690647939
2001-07-09,-3.5320481358183264,47.14836735965397,-4.440704616643881,9.792306950257144
2001-07-10,-2.101496194723733,47.710274601232584,-4.061260321673453,7.32880630839267
2001-07-11,-2.2199826060202237,46.79637883042856,-2.2049415643294674,7.201840730584831
2001-07-12,-0.38842398675039047,46.727768798497735,-2.5678176928635517,5.83471242623151
2001-07-13,0.6966408823832033,48.18331208919494,-1.743249897932478,4.731200183549813
2001-07-14,1.0366009834535015,48.55068401716013,-2.178676474019972,4.757543745416837
2001-07-15,0.48272233042412716,47.20237832137168,-3.0022761038079637,5.742604307443966
2001-07-16,0.27319340287756766,47.72603165314934,-2.2053346288840276,7.168361852963201
2001-07-17,-1.4341440956822806,46.64054150123448,-2.758113984021469,8.988930224276546
2001-07-18,-1.5136073752935733,46.45093850550624,-1.0777442709786524,9.873277928385324
2001-07-19,-0.6939561491156712,47.50641382300067,-2.605920963726695,8.842034083620748
2001-07-20,-0.7689613183042958,46.65373591637636,-4.110359751745465,6.5900537683471505
2001-07-21,-1.889327544828783,45.840088709378755,-3.356540383199938,6.529400644089189
2001-07-22,-0.9325586544198636,45.370066642949645,-3.1268708379588253,6.481204320716861
2001-07-23,-0.05074261297329763,44.74979904304498,-2.0510038559208734,6.380156944928877
2001-07-24,0.18792127983095508,42.86730366257204,-0.2517319687872568,7.264601313296492
2001-07-25,-1.0310325683900772,42.56795316230348,0.4888081970035564,8.279471921651455
2001-07-26,-1.647024030146735,41.45065882894771,0.8820548599864066,9.213576688825695
2001-07-27,-0.3857989492430529,40.38126116458738,0.765952667236104,10.6878774359291
2001-07-28,-1.6380876232443473,39.23663632656566,1.4692357027920955,10.531796901107022
2001-07-29,-2.4566090212559284,40.31660723452946,2.8186530069189737,10.540447481217472
2001-07-30,-2.9573772123971214,40.57150344820401,2.1216644011853054,13.207945467215971
2001-07-31,-0.571371334048175,40.50847754315418,1.6351929116522927,11.50403057929432
2001-08-01,-1.3446881900017185,39.944002876879466,1.278534207074302,11.792611617497178
2001-08-02,-1.9646442797954513,40.7337044360082,0.5518784651047369,12.194318684329051
2001-08-03,-1.097481413812765,41.270359604298626,0.7839645608740903,13.512871834530802
2001-08-04,-1.7030127746746782,41.416542297366966,1.1890543126648823,13.504840643969894
2001-08-05,-1.3945623150824824,42.03641824776494,0.4631303522769429,12.809244380165453
2001-08-06,-1.7106738240539159,41.62616295926894,-0.05022594002955538,11.005759188128689
2001-08-07,-1.8246380244856988,39.72247241434624,0.3328158957295417,10.695673257766444
2001-08-08,-1.553164043836014,37.919739039392674,-1.7995589974291106,10.995708764911745
2001-08-09,-1.295023077811048,37.47739735293818,-2.413597113813039,12.925964553567445
2001-08-10,-0.014448880931557273,37.54770912599728,-1.2737386666056962,12.207966501213424
2001-08-11,-0.012840184787685798,39.680779627907924,-0.23341719849915732,13.50105434512714
2001-08-12,-0.965677540780688,40.36139023880993,1.0764888898108769,13.590819801085551
2001-08-13,-1.2773034521152011,40.06995266942615,0.5595725661414414,14.487706447479487
2001-08-14,-0.8752422954893124,37.68009414777857,-0.3752549133924894,14.909723884739646
2001-08-15,-0.7708169304655667,37.733712625749206,1.1258799365953192,16.43252405955132
2001-08-16,-0.07813091894785629,38.86876983602441,-0.00379858084946183,16.50507486882287
2001-08-17,0.16804898716774588,38.48676515638507,-0.10263530473888832,18.520361265568514
2001-08-18,-0.012904814257339664,38.17663699047665,-1.8045299832871573,18.218731530502744
2001-08-19,0.6790882415332055,38.44261028751782,-0.16301114307952647,19.20424170171755
2001-08-20,-0.38520403456677077,38.54206814624488,-1.1821048870311917,16.969226019246953
2001-08-21,-0.015218860543509127,39.255172118859306,1.4769330753487082,16.90314430306206
2001-08-22,0.4953136558263331,39.14549990004504,3.109402926621641,17.23717601806063
2001-08-23,0.7053674478249718,39.97415446993411,4.220011726264051,16.983401580053652
2001-08-24,0.49352067435759206,39.08045026012404,5.0256269288545194,17.11638714789596
2001-08-25,-2.7369763432163228,39.40961202426014,5.933269338104646,17.7232425365145
2001-08-26,-2.5105409374006653,40.092376088537875,2.7024173519134393,19.53403323057578
2001-08-27,-2.428200473741268,38.32110604818701,2.749762767333136,20.221393443301768
2001-08-28,-1.644310623099277,38.533934369222635,2.021443118664972,20.182291245403754
2001-08-29,-1.0114147436317515,39.90532296352113,3.7752883119427696,21.43866826615323
2001-08-30,-1.1818138749203633,41.74452300094457,4.594945303901722,20.88159285245519
2001-08-31,-0.36309086599068063,42.279893941355375,3.986290004538155,21.15984597295075
2001-09-01,1.6715382769625382,43.20870571471543,5.461705024817599,21.39224887685939
2001-09-02,2.1781708849855614,41.96390776676489,5.294255444149628,22.375990302039135
2001-09-03,5.457894432212928,41.97216462739458,6.112945418726445,21.944694993307547
2001-09-04,5.468490784374824,41.47761648273772,5.626460702842072,22.169722191181748
2001-09-05,5.425584032721766,41.14656673939429,4.40705057159099,22.491345619948213
2001-09-06,6.072345994860763,40.02804167361694,5.943660572403664,21.806913499447557
2001-09-07,7.251674461394661,39.72335104232971,5.951866253826122,22.33069119732567
2001-09-08,6.577474573606176,40.72216922343737,6.866634973155657,21.881213670986423
2001-09-09,7.0109695447301625,42.56073532082432,6.307402912474438,20.780417196541926
2001-09-10,6.2140643405602916,42.96875282998591,6.42671678746968,20.72183204282361
2001-09-11,6.187238804320534,42.95944610227401,7.398099558155114,21.1231511744715
2001-09-12,6.613600778634846,43.121338279187924,5.8941626008276105,20.899781044772954
2001-09-13,6.500971258877513,43.63030958563208,6.609718332899683,21.209458904938447
2001-09-14,6.2691783085003125,43.3180868290968,6.78487491926377,20.169235297961425
2001-09-15,5.641101672673604,41.78428066578343,6.509515871566639,19.756217069214852
2001-09-16,5.819820484580804,41.21215530889529,7.043711850772773,19.554503659073493
2001-09-17,2.9354059969952324,41.534304750727514,5.348837362622451,19.751662274939758
2001-09-18,3.562138591902364,41.64318845068887,5.290651849676034,19.160222711113565
2001-09-19,4.168550636574174,40.60904722505193,4.007425805154453,19.612818836292266
2001-09-20,3.9640384104703164,40.1888830971004,4.854320377411125,18.5484612241624
2001-09-21,5.139532529399817,41.49835976578977,4.5893481792067865,19.18176912582927
2001-09-22,3.4026875218277484,40.80220519264391,2.2755244156955334,20.063916042548232
2001-09-23,3.458127931129921,40.691105883740484,1.7405794071167797,20.450892936022246
2001-09-24,3.7603541672502874,40.930124152674395,3.7385730883001083,20.270465678369522
2001-09-25,4.39499241249575,40.757449611885825,3.4819481715209815,19.42139569770925
2001-09-26,5.58827934778608,41.70824042788178,5.298051835357011,20.295990181838064
2001-09-27,6.089830501808079,41.735705549533215,6.924385809323381,19.982785205928415
2001-09-28,6.949771798897675,41.01587948231565,7.286139483004561,22.06213530812818
2001-09-29,6.552634620109362,43.44041045279906,6.689890040718866,22.923590847235086
2001-09-30,7.205555522651994,42.82103248577329,7.65946919775625,22.774412645421407
2001-10-01,8.594074984570085,41.38446604608481,7.509821460884422,21.75425268321641
2001-10-02,8.623743044218863,43.09064214551333,6.769964577015099,19.823677744368517
2001-10-03,8.265086254058343,42.620892869492145,5.475608901749897,20.3029156878286
2001-10-04,6.171431741155699,41.13430130191666,3.7417994494161824,20.92858768063532
2001-10-05,6.902598104405373,42.56520593041458,4.727800503682752,19.799414027861545
2001-10-06,8.021291726557081,42.636019962781035,4.312428650778757,20.311161602350676
2001-10-07,9.449678039071287,43.12551510540249,5.73309777371181,20.353650091154083
2001-10-08,9.5150204832252,42.64735703353881,6.641168113038304,20.58511669949961
2001-10-09,11.677471079954197,43.756691337054946,6.440052583652664,19.812062518468473
2001-10-10,12.071605668376456,45.957402015485926,4.8655514140293015,20.28331726260988
2001-10-11,10.248111558355571,45.98125326798863,6.725112026759244,20.270563392172342
2001-10-12,8.999805539105171,45.15851936617884,5.585169111771675,20.688982350542325
2001-10-13,9.473236761448923,46.41443506726628,3.830422695651989,20.00508512847476
2001-10-14,10.079719213563905,46.1977569651067,3.6135607433243253,19.729260187316825
2001-10-15,9.382262030761764,46.717158079939885,1.248066847777534,17.936012284138588
2001-10-16,8.864895368420147,48.08247425340643,0.337209784524262,17.349143468847632
2001-10-17,6.142606968340931,49.6657572947294,-1.2005829807536799,17.820123120672093
2001-10-18,5.24072069267152,48.60797698836121,-0.2918882899522297,20.146199396434582
2001-10-19,5.256597490836056,49.72709452102689,0.08243128892264534,19.90963053514333
2001-10-20,5.940631778314904,50.74041303839634,-0.5157466508562778,19.650203762581526
2001-10-21,4.427167355080407,49.82671123060895,0.14863149328426117,19.209317863905436
2001-10-22,5.8820459464699075,49.200680116684865,-0.6932440679389459,19.327396708622086
2001-10-23,5.45521969235189,50.9165779373154,-1.590252840291357,17.911131085561625
2001-10-24,6.035096371175601,50.89267077201829,-2.9502714466244004,15.897239070587323
2001-10-25,6.345177281523113,50.61800271539986,-3.441540598350083,15.96489401939166
2001-10-26,6.978694289397202,50.81617487241175,-3.01907857270871,16.7650453969048
2001-10-27,7.815054029663428,50.33816881586863,-4.389609740859882,16.556300028061038
2001-10-28,8.454350471034306,51.01912346759488,-3.8948779235599607,16.60999729141564
2001-10-29,8.62513897314467,49.175590154680414,-4.098030987225911,16.926834117720176
2001-10-30,9.271193964687619,47.46411677999031,-3.8966919303218446,15.273166744336022
2001-10-31,9.63977373199263,46.192788170100485,-3.386046813853335,15.57791934244093
2001-11-01,11.663262201476737,46.40675524374911,-4.152354618718994,15.853782306087583
2001-11-02,10.961149836923873,46.3597638792915,-4.6758898717344515,15.593358097843572
2001-11-03,12.114973094727988,46.30097970848263,-4.926862417256935,14.510948876012787
2001-11-04,12.112669438363579,46.38077321258377,-4.539914690227408,13.903499654477384
2001-11-05,13.224100767607318,46.95253746167603,-4.913398522929647,13.532254430232651
2001-11-06,13.605109427124743,48.75753923137688,-5.528598653880187,13.588789332454867
2001-11-07,14.129694052744753,47.05162470118208,-6.46176554434102,14.717569864318676
2001-11-08,13.70389128814575,46.985134635605796,-7.158619431906192,15.140242173529971
2001-11-09,14.333352009470977,46.69029115846217,-7.362347173306504,17.286009093489298
2001-11-10,13.89263785222055,46.22592784623949,-7.850593215261582,16.31131978252606
2001-11-11,11.94466725344843,45.09834903435146,-8.450678348872879,16.514651456994986
2001-11-12,10.293232141178871,44.56609540238071,-9.57799051188309,16.407428152723224
2001-11-13,10.42472806033744,45.71441491553803,-9.893508002265277,16.187469320302522
2001-11-14,10.546374276896492,45.82445303436978,-9.601323432154656,16.70163662673035
2001-11-15,11.013606545557991,45.59302573894023,-9.061683524330014,16.907228864566253
2001-11-16,9.653971359914593,46.519937904911984,-8.760083190222481,16.57090445969875
2001-11-17,8.857044565642092,44.19800638005038,-8.080393215596455,16.931639662952986
2001-11-18,7.412952356953431,42.129270823131,-9.801473109558877,18.066329270453895
2001-11-19,7.539221096719795,41.254977932248664,-8.960894407797687,16.27434810337006
2001-11-20,7.36212903384296,40.675386316611,-9.588388805976393,14.743877673384095
2001-11-21,7.923632284597883,40.87515166419329,-8.862963528355074,14.2250974736614
2001-11-22,6.822241354278717,39.6839509211116,-8.195208456774163,14.316425443027327
2001-11-23,6.375669152786768,41.65031248400736,-7.794901832737109,15.097754636018385
2001-11-24,7.166962664761435,42.13149566422748,-7.948169774340292,14.261443846310106
2001-11-25,8.059675013693354,42.9427980466706,-8.372991310126197,14.30460611867247
2001-11-26,7.577961609755721,41.258385500096864,-10.135039810192524,13.777438628882964
2001-11-27,8.455926654829915,42.05686502047043,-10.026291076638717,15.5295191353341
2001-11-28,9.45021859483739,41.59619981649531,-8.740892449881425,13.472499562439488
2001-11-29,8.842375962084345,42.013468394319005,-8.752220468487058,12.928077417683376
2001-11-30,9.166022351198,42.85707214601973,-9.03508100714438,11.408326058771236
2001-12-01,9.133479695693863,43.24777341416673,-10.77142525723069,11.958184432365087
2001-12-02,10.265626481223286,43.4295756115771,-9.967111885805963,10.306435897432491
2001-12-03,12.03681823891065,43.80744427892814,-10.377469228643426,10.570827200827491
2001-12-04,13.611754297236097,43.835322925408924,-11.389433329602806,11.37253471278052
2001-12-05,11.67950300267193,43.62709073747336,-11.651002381348242,11.304952921840334
2001-12-06,11.531032419541285,43.04036344974852,-11.957315829780562,11.744561782728283
2001-12-07,10.83421026639837,43.382660789763015,-12.293477496104144,14.13531265127217
2001-12-08,10.54799044453278,42.13252377429101,-11.557657079657272,14.22978798543339
2001-12-09,11.375781629533524,43.142850979660956,-13.067141930212097,15.337228640924165
2001-12-10,11.959318495980355,42.39164515734282,-11.615731270814349,17.241916122558735
2001-12-11,13.255986530055218,41.61236107661028,-12.634880182753111,17.069051903744466
2001-12-12,13.839448689545103,41.26702433800423,-13.701430553183094,16.30581430110778
2001-12-13,13.254979305758429,41.5118527941442,-13.74476083558415,15.904563298056113
2001-12-14,13.388393890161915,42.68122892440609,-12.768889651591193,14.956409572407306
2001-12-15,12.99672906131602,40.44908762148281,-12.153050876483885,14.305139546304314
2001-12-16,12.090581957845675,41.985127923923784,-12.536289548610894,15.242380391346638
2001-12-17,11.920885911353677,41.381143227001495,-12.999155934958925,16.96312963323528
2001-12-18,12.447672920748262,40.701197249534566,-12.301443445188923,18.703425878430757
2001-12-19,11.460048151004433,40.94665607371092,-11.233102956337454,17.347428145664438
2001-12-20,13.201923880589822,40.33710571781819,-10.757118685918071,18.416955865296778
2001-12-21,13.517125367308736,40.18437654315834,-11.37400374973666,16.94690610000876
2001-12-22,14.803083675969164,42.88364106464067,-10.86897886537674,17.549384974883
2001-12-23,15.353909883767875,42.46506527814106,-10.222597424927384,16.344348255628994
2001-12-24,13.401033680823344,42.72362420849968,-9.774194921385593,16.49862593103478
2001-12-25,15.318880009802001,42.13726004151886,-9.571286221114198,16.945179877408457
2001-12-26,16.108005687004873,43.19352388426766,-8.695628251043392,16.857631300405824
2001-12-27,16.75339772413488,43.9070620515435,-8.429391391742314,17.809162155074503
2001-12-28,17.540024844022227,45.3393939768488,-6.4088978298339345,18.868571948864123
2001-12-29,17.079998037662573,45.08190959704993,-5.8124641649266495,18.128643665580743
2001-12-30,17.29646675369034,44.70502116740339,-7.533994070811338,19.211372964704303
2001-12-31,17.124810153640688,46.78345200493531,-7.597774697767489,18.557147564636374
2002-01-01,17.240339822066257,47.16152234589003,-6.940941161498528,19.54072058614657
2002-01-02,18.285976285424248,46.924932630812734,-6.797174167329123,18.873276915115582
2002-01-03,19.403251225682318,48.02980982691437,-6.418869840957629,18.175262833577033
2002-01-04,18.744275746692423,47.535139942244925,-6.687206037173169,17.94415910784263
2002-01-05,18.029772292348518,48.128506528155754,-6.988540775814465,18.2471499250757
2002-01-06,17.014093357002217,50.20933842998271,-8.86316737102768,20.744049898027477
2002-01-07,16.248726945001266,50.35706098532633,-9.492092907406768,19.62010688310669
2002-01-08,18.010089291817774,50.91502808898875,-9.236772106672957,19.638527193424494
2002-01-09,18.362761514166582,50.23080034973487,-8.352254574988972,18.19050107453274
2002-01-10,18.069071176992104,49.83340025427669,-9.297459557657973,17.10327398631255
2002-01-11,19.433441861466047,51.07101571751981,-10.916379882279823,17.545709825469487
2002-01-12,18.472219887794115,52.23770358917986,-10.636950947898354,16.1857712433303
2002-01-13,20.47853802161407,54.5180558273876,-10.856609442914186,17.540253158425546
2002-01-14,20.405420109367235,53.568874849339025,-11.77711428960215,17.559341518898663
2002-01-15,19.39338163919501,53.47831627054842,-10.877615113381552,17.15475419348943
2002-01-16,20.533562809214985,52.885067313557606,-10.7908430933195,15.965336909659381
2002-01-17,21.96653882042033,52.89448637736426,-11.204182783763308,17.098916500875184
2002-01-18,21.746202076452363,53.70853877003307,-11.43987585063549,18.182155700472798
2002-01-19,22.55498519021488,54.65779387615336,-12.008512299591652,18.70188609626725
2002-01-20,20.876791089839934,55.44057738266137,-12.6616644641569,17.663922363485387
2002-01-21,21.351076377589898,55.88628375552338,-11.909508954863735,18.886076293552037
2002-01-22,21.79717730230918,55.48880768140726,-11.99937355785632,19.735469678297452
2002-01-23,19.958474020869385,55.77255251782887,-12.429683938715277,19.589429097391438
2002-01-24,21.07018974656323,55.34585716659072,-14.105125183333877,20.50466759333688
2002-01-25,18.872358147349996,55.27020976803338,-15.421352445047967,19.299942168803597
2002-01-26,18.972544051744997,55.091383711973556,-15.715541863123319,19.243539422206602
2002-01-27,19.904326787418643,55.13162917061682,-16.883200367500233,19.11143497550304
2002-01-28,22.48566030250766,52.75445655719081,-15.128636951556437,22.032328537899524
2002-01-29,23.585504368002752,52.88941176814118,-15.460625257788077,21.9631655230205
2002-01-30,23.945085930031958,52.22336915849167,-17.042554739427914,21.82790392553237
2002-01-31,24.04101567720041,52.99435591413018,-15.564973261660647,20.182446013614413
2002-02-01,22.882137720223113,53.46036162763941,-16.440018726883533,21.153168400315415
2002-02-02,23.793641913203448,55.192002573084906,-16.12966456014564,20.779067769208318
2002-02-03,22.659086245622717,55.361548792646815,-16.351816377500526,18.626037587124337
2002-02-04,20.786614891735013,54.62022917641739,-16.48325269989555,18.85628317519386
2002-02-05,19.53600610289564,53.31139916341934,-15.809141015276403,18.40684706339597
2002-02-06,21.043509301886022,55.36479033026774,-14.880074302708087,19.8567979576475
2002-02-07,21.18859652032516,54.292787186568916,-14.14109255524024,20.551535811128787
2002-02-08,21.970910317719845,53.74941824043579,-14.01343590435239,20.161234174114323
2002-02-09,22.396507325227894,52.78001366633415,-14.2250230220061,20.372235557773642
2002-02-10,22.266152835442828,51.41933945232779,-14.516435790310242,21.154113640137673
2002-02-11,22.24590262684917,51.5705582544693,-15.393506836794765,20.83872581248259
2002-02-12,22.95155617454874,52.236019449359794,-15.412851219375156,20.855531682154396
2002-02-13,23.353231078916572,52.08758250585188,-17.410590832617146,20.81027879948461
2002-02-14,23.655609132677192,52.42414032697777,-18.12823706379384,20.8198954666447
2002-02-15,23.978512887304372,51.78905873037445,-15.397305610885443,22.078152026617275
2002-02-16,23.608106215689475,52.29499577398903,-12.757353164557307,22.72131992946781
2002-02-17,25.217347552216648,52.25632182416639,-12.95148444194565,22.408489229533476
2002-02-18,26.264627053727068,52.87370819628181,-13.591885242223611,22.004425434496195
2002-02-19,25.65308325417725,51.91220350959556,-14.778858425179713,21.373132903007868
2002-02-20,24.84687860266334,52.32890532340741,-16.489227543147692,21.717553871047752
2002-02-21,25.60700456810459,50.380943749206644,-15.10822848066228,21.601576691583933
2002-02-22,26.68928120089664,48.166724216952964,-13.950449977375488,21.9483497434271
2002-02-23,26.93088995362203,48.361916408463,-15.900189037345447,21.593422054814532
2002-02-24,26.735434524096277,48.5455612372236,-15.35104922499052,21.633214483374584
2002-02-25,26.479985421447605,48.618143732844466,-14.408905006077608,22.446129625370762
2002-02-26,26.464290594991432,48.531240930822264,-14.881380753275575,23.175462084878056
2002-02-27,27.708754641702367,48.846746098751545,-16.49231130902919,22.87993660639458
2002-02-28,27.20997972126903,50.39425862162594,-15.323118923055636,21.88767274655315
2002-03-01,26.2823501297667,50.050526984637976,-15.529707817147164,22.36534939165723
2002-03-02,24.9529223828498,50.513683821707794,-14.900358457681367,21.416313885011782
2002-03-03,25.515342878689705,50.12711635493119,-14.674903926999109,22.133159465413634
2002-03-04,24.564150050947077,48.926920899625074,-13.161665934835137,22.35659648853681
2002-03-05,23.823501492109568,48.6908684707092,-13.286607050589135,24.63082588262935
2002-03-06,25.012772554612052,50.148656387362145,-14.467245106724592,22.409761493176344
2002-03-07,25.88426197052143,49.78852953236,-14.041313134955447,23.260380386155667
2002-03-08,25.888510091788135,49.75263823829951,-13.802063524871166,23.23487014366195
2002-03-09,27.751696796075805,50.16158594165515,-13.3459373490667,23.16697052838055
2002-03-10,28.320968606764687,48.805674004375646,-14.019445616342805,22.67696095259766
2002-03-11,28.444060357751322,48.59675315429942,-14.780673467312296,22.972012915464745
2002-03-12,28.522521663639306,47.11580180966676,-13.70476290450494,22.293647601676152
2002-03-13,27.817671089840918,48.42504172842019,-12.255903815358398,22.59759375660802
2002-03-14,24.711648834584366,47.26047514609732,-11.24898340573826,22.350898250399638
2002-03-15,24.013935087593552,48.112074862426404,-12.820516022831523,23.40231155561432
2002-03-16,24.392035783753,48.66515882026779,-13.062234899110065,22.592080687150922
2002-03-17,22.593494916850982,48.57651415270493,-13.282167016525765,22.457197230970714
2002-03-18,23.0240099982988,48.667684942892556,-13.917662433490584,21.38455857087642
2002-03-19,25.79104539397754,47.30687651815477,-11.74395195647552,22.652692339261236
2002-03-20,25.59898714827696,45.63466477228183,-11.685425666166593,22.27468315197455
2002-03-21,25.498409840405124,44.09385624747205,-12.410765167185401,21.84493238668695
2002-03-22,25.134879342868974,42.95839571870676,-13.511704766025423,22.450577420176618
2002-03-23,24.390766287071997,42.39449557868427,-12.12871992406383,21.10396043472797
2002-03-24,24.011385645781232,41.37390801920506,-12.954135954339515,21.875672261527846
2002-03-25,24.8673666872153,41.46295357176529,-12.757086533394727,22.06320897678537
2002-03-26,24.521440129722603,41.850446967065736,-13.16678384281182,20.772238084954957
2002-03-27,23.42248926875332,41.32177119094189,-14.171501189890343,21.40321555041079
2002-03-28,24.22108661631511,40.52500922750188,-13.797354567629878,22.4489323596325
2002-03-29,23.794592643489693,40.85443910362109,-14.084682863801737,22.88475512532348
2002-03-30,23.80516347665532,41.7535899746453,-16.066583005361135,21.927410052725758
2002-03-31,25.275675521194753,42.251309815643666,-15.111834888655078,23.49723283611364
2002-04-01,24.029445446070802,41.609267857004596,-15.53222214789405,22.93168226581276
2002-04-02,24.076274620485773,38.977326274015205,-15.482424010310805,23.821987334840404
2002-04-03,26.367460457841137,39.0026624581235,-15.935772427893198,25.099612731837855
2002-04-04,26.00885676620259,37.927999314662685,-15.22074590053621,25.638606312615664
2002-04-05,24.72445214043796,37.64901095269552,-14.539213005185434,24.1167800987558
2002-04-06,24.869807848484474,36.77717112156122,-13.82801099801865,23.676486296989346
2002-04-07,24.001641221692246,37.94485617460691,-13.37652232927199,24.391950075675393
2002-04-08,25.479955581484077,37.739327364112214,-13.397358598572684,25.671677301354425
2002-04-09,26.49910753457695,40.36317620676959,-12.27462489724096,26.3853767169376
2002-04-10,28.234648445923753,39.903982010995826,-12.19780410064747,25.406166235688872
2002-04-11,29.014184313679134,37.74833083098459,-11.397203350748866,24.92161855181692
2002-04-12,29.319556025042107,38.87707852168598,-11.14723441964096,25.319909651103174
2002-04-13,30.02341263717424,38.70398654421513,-11.920377757952291,25.06186732585492
2002-04-14,30.555210540873365,40.04236914551636,-12.820093239178757,25.456546389050132
2002-04-15,31.59981849931172,39.71116869624975,-11.385041776330494,25.108118275652803
2002-04-16,29.995279492376127,41.031894898168076,-10.29393907558916,26.0228460101587
2002-04-17,31.28883147740693,41.005016499937405,-11.604772124254877,24.55286197920148
2002-04-18,30.042465237552115,41.503030380403594,-12.54069708709894,23.413984697164878
2002-04-19,29.229027670869016,40.113000898290004,-11.682815520621567,22.53596592858741
2002-04-20,31.397663447768707,38.93151892588629,-12.943287866310504,22.71391796801957
2002-04-21,30.77327543474914,39.01616037875544,-15.076490556330263,22.125850196248074
2002-04-22,31.37177914522245,38.257988351545606,-16.10018328651474,23.11403807091532
2002-04-23,29.998558950261348,36.93988737011928,-16.586637313563962,20.42383051811985
2002-04-24,29.576448441845574,34.711637268707214,-16.395286559016835,20.963091132563193
2002-04-25,28.417269553597688,34.78511593572077,-16.46103431904658,21.327467252124528
2002-04-26,28.25833321298581,36.539287466836214,-16.705093767945847,21.879522279753694
2002-04-27,29.121227134813633,38.29710989509183,-16.335260015193658,18.45651104743236
2002-04-28,28.49647571500234,38.30880367344854,-16.488565388250095,19.022835668031885
2002-04-29,27.880534791675373,38.970824992735096,-18.64806054897005,20.86453735081717
2002-04-30,29.752502890983298,38.295811658151905,-17.9624085313967,19.894480879419007
2002-05-01,28.8962147855051,37.5134563230312,-18.158931335071582,20.31619757077605
2002-05-02,28.061011495519555,38.91074871218152,-17.440577383567668,20.407784290948005
2002-05-03,27.565782814404052,39.90531829791067,-16.28739022232108,22.043101946108056
2002-05-04,26.81767821625256,40.23586313036746,-14.95572680420272,21.615685104666507
2002-05-05,25.18395521937443,40.3321499788541,-14.086041055954244,21.326042131460543
2002-05-06,25.25420147545366,39.7974365203095,-14.862865695075428,21.961289030496673
2002-05-07,23.15340345998661,39.79697907911817,-12.886747528877585,20.27041477174187
2002-05-08,23.694628170281263,39.31480846784795,-14.211533744218748,20.551165460313673
2002-05-09,23.90694454845387,38.565387247191964,-14.402047366477607,21.967922934771767
2002-05-10,23.501353147435424,37.74277150539231,-14.582669231959349,23.501338226373626
2002-05-11,21.671478100033582,36.50080194167442,-14.5733766868923,22.671893981423533
2002-05-12,22.46627808250883,37.447933062342116,-13.549676784318716,25.172237386716734
2002-05-13,21.938539321003134,35.91529183060848,-14.992046733940358,24.434277177248738
2002-05-14,23.50565343976438,35.476213665723876,-12.25182506909947,22.9633493287502
2002-05-15,22.076588981311392,34.543392036506575,-13.554458044282349,22.749447720026
2002-05-16,24.29300009988498,33.679498771495304,-15.019334959829107,24.669754358645363
2002-05-17,24.352247849610876,35.524094707727336,-14.208415820511519,26.14192939720735
2002-05-18,23.309110611324225,34.795672538512086,-14.144640565305565,27.943822239612057
2002-05-19,23.546518149964108,34.62973128171068,-14.44993646953522,26.594459471357737
2002-05-20,23.81050469289258,35.05646550543593,-14.091691715108064,26.263502598342534
2002-05-21,24.53927146659618,35.70445680438376,-13.661476202305497,23.37416889834398
2002-05-22,24.488422786532173,34.725724766677736,-12.942465994428806,24.442256654451175
2002-05-23,23.309236671149172,33.99333317451801,-14.26309069125449,25.668831857797187
2002-05-24,23.491814146789782,34.90164144559668,-16.040496623467018,27.578367417877303
2002-05-25,22.60612815841439,34.76041443055973,-14.140958791818763,26.542054642240505
2002-05-26,22.875261816181755,35.89495985813989,-14.278064636253317,27.485164287445993
2002-05-27,22.998519275040103,33.947070830018305,-15.508300895910088,27.750880292154218
2002-05-28,21.661332635989954,35.119857603662176,-15.48836204602445,27.65844041882438
2002-05-29,22.493318970875578,35.394577949409076,-17.099923822984714,27.601757536940667
2002-05-30,22.641716879843475,35.149162004214084,-17.20507300562626,26.530172739508973
2002-05-31,23.304084454670242,36.224582797153836,-17.06637458256369,25.518301759878376
2002-06-01,24.221936039226065,35.48075871290947,-16.83753733621692,25.82102477490486
2002-06-02,22.254209682758805,35.780695278021525,-16.984081084235655,26.16454449053947
2002-06-03,23.13823709194873,36.198004347780376,-17.053222307031444,25.732973815918456
2002-06-04,22.140376853320074,36.898890061799165,-16.822168757743995,27.360150122442196
2002-06-05,21.065251815570438,36.12422387884219,-16.12204454472897,27.205841301160355
2002-06-06,19.83852927058835,37.01230866891009,-16.03285821893922,26.96443109341318
2002-06-07,20.488581033107184,36.97958095279903,-16.01267228450365,27.142139375656246
2002-06-08,19.53007717538479,36.09403334149897,-15.41501166653697,28.919572658176712
2002-06-09,20.28617904527973,35.04106303240529,-15.712179738523657,29.208203744590364
2002-06-10,19.298739855450933,35.55905408356544,-15.5076065278868,28.030127697610354
2002-06-11,18.116281033040735,35.6029776682412,-15.750159017093623,26.83545132230655
2002-06-12,19.09584291018387,35.05277432829534,-17.70205693158968,26.610737447217616
2002-06-13,19.16354724832044,31.45011922178728,-17.75519344711178,26.30062635943999
2002-06-14,19.76088197307864,30.795062548708685,-18.176373918895738,26.644560040011477
2002-06-15,20.444633556564334,30.70465154209259,-18.08113863181598,26.567212416993947
2002-06-16,21.144891285078177,31.385969614046402,-19.806848518455283,25.982725431621212
2002-06-17,21.97076436934617,32.41717677719429,-18.73118925693236,26.59878933292614
2002-06-18,21.798033146073447,30.802260376281378,-18.083901820829666,26.84933551897439
2002-06-19,21.77743250911505,29.08373531961421,-17.152012876292112,26.518637987662917
2002-06-20,23.36939443225537,29.420097197865168,-18.66882537906525,25.781439477147387
2002-06-21,24.15300529740325,30.255610499485638,-18.310969739303406,27.088956041927304
2002-06-22,24.264297796931103,28.40688974686274,-17.63987753456231,28.79412035599805
2002-06-23,23.401198328012363,28.68598727194368,-18.308937710236446,29.237228266387163
2002-06-24,23.302275489467377,27.276944965379403,-19.20234787395158,29.60242749855423
2002-06-25,23.988288489506374,25.30588241554422,-18.47135640615307,27.844518077794596
2002-06-26,25.064506830036944,26.21591548219846,-19.06445334227228,26.650646523218104
2002-06-27,24.80651524037544,26.780769744757098,-18.996766435780753,26.439057739682905
2002-06-28,25.09553267074762,24.96298703030846,-20.112171837247907,26.814485966462936
2002-06-29,25.56556660827757,25.03382618153812,-20.984176793439165,24.8930871181754
2002-06-30,26.563935150645342,25.84489492541433,-19.626569885737666,26.027686893300164
2002-07-01,27.47988451295862,24.571680865640023,-18.978646863154488,26.324676187201785
2002-07-02,28.49946357433688,24.96572709725956,-19.223453981019073,26.86270003212985
2002-07-03,27.281077517009482,24.53999797691204,-20.418768196509923,26.74627382625922
2002-07-04,25.633194145364484,25.56952079787867,-20.020631265490653,27.47383581529659
2002-07-05,23.899226976284755,24.816854345378697,-20.236596950916027,28.398904695214153
2002-07-06,24.37392039472321,26.067752562658512,-21.348665715601985,29.017737057306483
2002-07-07,24.272990228297118,27.154565831622033,-23.750801316539842,27.675138675557747
2002-07-08,24.313609582850187,27.524439513297047,-23.614072330926327,27.229867483024005
2002-07-09,22.89858767339242,28.357991747673854,-25.53226351837825,26.787243766322142
2002-07-10,23.1840129656163,29.733892374856868,-26.87825729972502,25.558964982806852
2002-07-11,21.188423021024178,30.55839804606525,-28.260290338042502,27.005744843123473
2002-07-12,21.798172984233045,31.460749052176418,-27.923011108451657,27.711594819825407
2002-07-13,22.249650347260978,30.624698860277004,-28.673856111708556,27.761229397308128
2002-07-14,21.048362669659955,31.612295413044933,-30.17433784012619,28.148595099048713
2002-07-15,21.80577413104498,31.02179198288955,-30.327842800068414,28.98233931914016
2002-07-16,21.81207796761051,32.081442350073594,-29.607894353955057,27.89464396180751
2002-07-17,23.448149368173073,33.288009355824585,-26.78074474632687,28.56833006764135
2002-07-18,23.09979091652783,33.900754819550336,-27.213648569450477,28.718332017639323
2002-07-19,23.662773768883202,32.06149722371582,-26.43298903237753,27.801275274163253
2002-07-20,24.555044570378758,30.624078167565187,-26.486192988739816,27.598676363176747
2002-07-21,26.130523779754153,29.922268840571597,-28.533014494533504,25.374345546075283
2002-07-22,26.980688740387684,30.281520111913878,-26.95025278928482,25.905688413004597
2002-07-23,26.96021923036532,29.946890426330484,-27.39783352283275,25.687957959203416
2002-07-24,26.88712059727199,28.02706948048557,-25.88625248198085,24.358800344418388
2002-07-25,26.285622953035954,29.200416263730336,-25.66282074843176,24.54991494211904
2002-07-26,25.196738884308555,28.274782815192374,-25.465614013101046,23.442859674019502
2002-07-27,24.599287319789806,28.384694061955027,-24.80487633549499,20.637065787016883
2002-07-28,24.212980235167816,29.98590826913552,-25.247534870505017,19.33365471733401
2002-07-29,23.754589247036115,29.89021227857065,-25.049983249475037,18.940093598561997
2002-07-30,23.907340987801348,30.560289599520384,-26.259732603814097,20.37904699039555
2002-07-31,23.966084417745186,31.768541106275958,-27.751620791093213,20.35256296274747
2002-08-01,25.642572097827774,31.833397349467564,-28.179297170301187,20.88139784108047
2002-08-02,25.38934328668566,31.830248116625434,-28.84045304801439,20.07826496686423
2002-08-03,26.079882595167252,32.02431833866306,-28.020603872248856,20.627425069451792
2002-08-04,29.014803303673542,33.356994066251325,-26.24089731719888,21.03321825062917
2002-08-05,30.914818164504005,32.378281671047546,-26.76114518641991,20.326005288181857
2002-08-06,30.87885541525789,34.50879458778302,-25.24093388601893,19.40532295669847
2002-08-07,31.888910576583665,34.66806372386937,-23.408432605849693,19.477851501655767
2002-08-08,32.68771452224161,34.80206596646104,-22.630672842204294,19.954034868667893
2002-08-09,31.270388307620845,34.12526719905194,-23.033426726615488,18.694017810031863
2002-08-10,31.85268873534034,33.15543721849258,-23.45834643696159,17.248854252688364
2002-08-11,32.150187531307296,33.23691522525575,-22.668484956826944,17.15169867589923
2002-08-12,31.165540900385633,33.469186213703374,-23.124596606703605,18.99814099907691
2002-08-13,29.74455184821048,34.5019755980236,-22.131665456445365,19.61258790025998
2002-08-14,29.334274845147537,34.92665034642905,-20.958607934840018,19.66700983328705
2002-08-15,27.60075429415948,35.112278019803,-20.441685972315696,21.615549068156
2002-08-16,28.839259039623645,35.542856195770014,-19.701350697154936,21.013593765875562
2002-08-17,29.49560277399494,35.341651818556194,-17.740032946523513,20.98218545268731
2002-08-18,30.93820120004126,35.35823504676051,-16.10901241866434,19.92527801989416
2002-08-19,31.21190503026953,35.36352444727868,-15.973202758781524,19.136543701511307
2002-08-20,31.737276066536268,35.0977615886493,-16.634602223460288,19.00256974168977
2002-08-21,31.47668215380046,33.85945632281644,-15.90205913223506,20.00791948934339
2002-08-22,33.39054550592928,33.850376735947144,-17.983613544578358,19.087896996192214
2002-08-23,31.961046936908712,34.974545996353854,-17.600644543598683,17.85752973047275
2002-08-24,31.97964192822924,34.44033202440916,-19.089007728019048,21.57626650778929
2002-08-25,30.930573575163773,35.65181672417921,-21.1504527463995,21.775846429696525
2002-08-26,30.453002071261913,35.831680886492,-22.402155802985014,20.409632213448695
2002-08-27,30.78989434024809,36.1287024997046,-22.590814422714626,20.901195546399443
2002-08-28,31.036439006571175,35.710815358029194,-22.624258528979045,21.513939159381096
2002-08-29,32.347368380046575,34.967504179416075,-24.15123566218324,20.374014451774993
2002-08-30,31.781374943218477,35.56882751599823,-24.16638837626605,21.219259566470484
2002-08-31,31.743130485925107,36.16509206709301,-24.400451865926698,20.536408480993458
2002-09-01,31.416425432510184,37.42730822340554,-25.0905824610804,21.004211936759216
2002-09-02,31.867151512251912,37.233924302019716,-24.492109363811288,21.089653688558002
2002-09-03,32.99884164863309,39.13976496060692,-24.806903078660856,20.60620429002379
2002-09-04,33.68919808702928,41.01219308758127,-23.453847264825743,20.558757163912837
2002-09-05,32.643987479526956,40.44140053840468,-23.665401105056187,20.258506977887304
2002-09-06,34.08023534202403,40.54173809686206,-23.427216040152146,18.999387385570387
2002-09-07,34.60855808818435,41.20489202401688,-21.129369112896843,18.692584651799343
2002-09-08,33.795534931419475,40.08617013626193,-18.705781828074933,18.74159998161902
2002-09-09,35.18165798010296,39.80081584504792,-19.40204569372506,19.094103025346055
2002-09-10,36.30791512376585,39.84653968136483,-19.341134784966574,18.779644764311293
2002-09-11,37.234293928761375,39.12470667242838,-18.9875974922096,19.420737345341422
2002-09-12,38.55589152621547,39.393585927418776,-17.217758302440743,19.445507058071456
2002-09-13,38.64199842982713,38.78382750707932,-18.039421182969345,19.085033758431383
2002-09-14,40.58034243087165,38.972429402650384,-17.95749452790898,19.44584118454822
2002-09-15,41.9451213615357,39.81672695479954,-18.01349122124664,19.42714734217579
2002-09-16,41.932358325390744,39.22492923207441,-20.291790391039545,20.173074695528253
2002-09-17,42.900717959116875,39.6477779892138,-18.992479310730033,19.71719340234953
2002-09-18,42.187585751144645,38.23524191892314,-16.883832693523555,18.395050997496213
2002-09-19,42.035711554613144,38.19046054763166,-15.59454284344186,19.769583804215575
2002-09-20,42.748448732622016,35.7742394840836,-16.77372721639062,19.763264446200225
2002-09-21,43.87564744180672,35.99379784431037,-16.63398230759764,19.3175587264904
2002-09-22,45.08468578687942,35.031092346395205,-17.262263279559626,16.63929887618295
2002-09-23,44.58532024310522,33.93215287564961,-16.038403735526533,15.114321187569455
2002-09-24,44.10655526134989,33.857320785079686,-14.761235783169441,16.49300295184686
2002-09-25,44.67652630249556,33.38411441055249,-14.16250383816653,14.554150726820048
2002-09-26,44.67670689598854,34.10549493427932,-12.623104045456117,15.22127969557313
